{"_env":"NODEJS","_serializationMethod":"normal","_autosave":false,"_autosaveInterval":5000,"_collections":[{"name":"items","unindexedSortComparator":"js","defaultLokiOperatorPackage":"js","_dynamicViews":[],"uniqueNames":[],"transforms":{},"rangedIndexes":{},"_data":[],"idIndex":[],"maxId":0,"_dirty":true,"_nestedProperties":[],"transactional":false,"asyncListeners":false,"disableMeta":false,"disableChangesApi":true,"disableDeltaChangesApi":true,"cloneObjects":false,"cloneMethod":"deep","changes":[],"_fullTextSearch":{"ii":{"title":{"_store":true,"_optimizeChanges":true,"docCount":0,"docStore":[],"totalFieldLength":0,"root":{}},"description":{"_store":true,"_optimizeChanges":true,"docCount":0,"docStore":[],"totalFieldLength":0,"root":{}},"slug":{"_store":true,"_optimizeChanges":true,"docCount":0,"docStore":[],"totalFieldLength":0,"root":{}},"text":{"_store":true,"_optimizeChanges":true,"docCount":0,"docStore":[],"totalFieldLength":0,"root":{}}}}}],"databaseVersion":1.5,"engineVersion":1.5,"filename":"content.db","_persistenceAdapter":null,"_persistenceMethod":null,"_throttledSaves":true}